{
    "StatName" : null,
    "RelativeModifier" : 0,
    "AbsoluteModifier" : 0,
    "Description" : {
        "Cost" : 123000,
        "Rarity" : 10,
        "Purchasable" : true,
        "Manufacturer" : "Liao",
        "Model" : "Proto EWS",
        "UIName" : "ECM Equipment",
        "Id" : "Gear_Proto_EWS",
        "Name" : "Warfare Suite",
        "Details" : "At the end of the Third Succession War when Lostech was rampant, House Liao managed the unlikely feat of developing the RVN-1X Raven, an entirely new BattleMech design that was to serve as an electronic warfare and countermeasures support on company or battalion level. It was a testbed for new electronic warfare components which was usually only referred to as 'ECM Equipment'.",
        "Icon" : "uixSvgIcon_equipment_TTS"
    },
    "BonusValueA" : "+20% Sight & Sensors|",
    "BonusValueB" : "+1 Evasion|+1 Defense",
    "ComponentType" : "Upgrade",
    "ComponentSubType" : "NotSet",
    "PrefabIdentifier" : "",
    "BattleValue" : 0,
    "InventorySize" : 4,
    "Tonnage" : 7.5,
    "AllowedLocations" : "All",
    "DisallowedLocations" : "All",
    "CriticalComponent" : false,
    "statusEffects" : [
		{
			"durationData" :
			{
                "duration" : -1,
                "stackLimit" : -1
			},
			"targetingData" : 
			{
				"effectTriggerType" : "Passive",
				"effectTargetType" : "Creator"
			},
			"effectType" : "StatisticEffect",
			"Description" :
			{
				"Id" : "MaxEvasion",
				"Name" : "EVASIVE MOVE",
				"Details" : "This unit generates an extra EVASIVE charge from movement actions (up to its maximum).",
				"Icon" : "uixSvgIcon_action_evasivemove"
			},
			"statisticData" : 
			{
				"statName" : "MaxEvasivePips",
				"operation" : "Int_Add",
				"modValue" : "1",
				"modType" : "System.Int32"
			},
			"nature" : "Buff"
		},
		{
			"durationData" :
			{
                "duration" : -1,
                "stackLimit" : -1
			},
			"targetingData" : 
			{
				"effectTriggerType" : "Passive",
				"effectTargetType" : "Creator"
			},
			"effectType" : "StatisticEffect",
			"Description" :
			{
				"Id" : "EvasionGain",
				"Name" : "EVASIVE MOVE",
				"Details" : "This unit generates an extra EVASIVE charge from movement actions (up to its maximum).",
				"Icon" : "uixSvgIcon_action_evasivemove"
			},
			"statisticData" : 
			{
				"statName" : "EvasivePipsGainedAdditional",
				"operation" : "Int_Add",
				"modValue" : "1",
				"modType" : "System.Int32"
			},
			"nature" : "Buff"
		},	
        {
            "durationData" : {
                "duration" : -1,
                "ticksOnActivations" : false,
                "useActivationsOfTarget" : false,
                "ticksOnEndOfRound" : false,
                "ticksOnMovements" : false,
                "stackLimit" : -1,
                "clearedWhenAttacked" : false
            },
            "targetingData" : {
                "effectTriggerType" : "Passive",
                "triggerLimit" : 0,
                "extendDurationOnTrigger" : 0,
                "specialRules" : "NotSet",
                "effectTargetType" : "Creator",
                "range" : 0,
                "forcePathRebuild" : false,
                "forceVisRebuild" : false,
                "showInTargetPreview" : false,
                "showInStatusPanel" : true
            },
            "effectType" : "StatisticEffect",
            "Description" : {
                "Id" : "StatusEffect-Defense_ToHit-T3",
                "Name" : "HARDER TO HIT",
                "Details" : "Provides a penalty to all attacks against this unit.",
                "Icon" : "uixSvgIcon_equipment_Gyro"
            },
            "nature" : "Buff",
            "statisticData" : {
                "appliesEachTick" : false,
                "effectsPersistAfterDestruction" : false,
                "statName" : "ToHitThisActor",
                "operation" : "Float_Add",
                "modValue" : "1.0",
                "modType" : "System.Single",
                "additionalRules" : "NotSet",
                "targetCollection" : "NotSet",
                "targetWeaponCategory" : "NotSet",
                "targetWeaponType" : "NotSet",
                "targetAmmoCategory" : "NotSet",
                "targetWeaponSubType" : "NotSet"
            },
            "tagData" : null,
            "floatieData" : null,
            "actorBurningData" : null,
            "vfxData" : null,
            "instantModData" : null,
            "poorlyMaintainedEffectData" : null
        },		
        {
            "durationData" : {
                "duration" : -1,
                "stackLimit" : -1
            },
            "targetingData" : {
                "effectTriggerType" : "Passive",
                "effectTargetType" : "Creator"
            },
            "effectType" : "StatisticEffect",
            "Description" : {
                "Id" : "EWS-sensor_Gain",
                "Name" : "Sensor DISTANCE INCREASED",
                "Details" : "Increases spotting distance by [AMT]m.",
                "Icon" : "uixSvgIcon_equipment_Cockpit"
            },
            "nature" : "Buff",
            "statisticData" : {
                "statName" : "SensorDistanceAbsolute",
                "operation" : "Float_Multiply",
                "modValue" : "1.2",
                "modType" : "System.Single"
            }
        },
        {
            "durationData" : {
                "duration" : -1,
                "stackLimit" : -1
            },
            "targetingData" : {
                "effectTriggerType" : "Passive",
                "effectTargetType" : "Creator"
            },
            "effectType" : "StatisticEffect",
            "Description" : {
                "Id" : "EWS-Spotting_Gain-T1",
                "Name" : "SPOTTING DISTANCE INCREASED",
                "Details" : "Increases spotting distance by 50m.",
                "Icon" : "uixSvgIcon_equipment_Cockpit"
            },
            "nature" : "Buff",
            "statisticData" : {
                "appliesEachTick" : false,
                "effectsPersistAfterDestruction" : false,
                "statName" : "SpotterDistanceAbsolute",
                "operation" : "Float_Multiply",
                "modValue" : "1.2",
                "modType" : "System.Single"
            }
        }		
    ],
    "ComponentTags" : {
        "items" : [
        ],
        "tagSetSourceFile" : ""
    }
}
