{
    "StatName" : null,
    "RelativeModifier" : 0,
    "AbsoluteModifier" : 0,
    "Description" : {
        "Cost" : 70000,
        "Rarity" : 99,
        "Purchasable" : false,
        "Manufacturer" : "Liao",
        "Model" : "Remote Sensor Dispenser",
        "UIName" : "Sensors",
        "Id" : "Gear_RemoteSensorDispenser",
        "Name" : "Remote Sensors",
        "Details" : "Remote Sensor Dispensers are small cargo bays with an attached dispenser used to place Remote Sensors. These dispensers are normally mounted on support vehicles, used to secure newly-established landing zones or defensive perimeters. Each RSD can carry up to thirty short-range sensors, typically a mix of thermal, electromagnetic and seismic sensors.",
        "Icon" : "uixSvgIcon_equipment_TTS"
    },
    "BonusValueA" : "+ 25m View Dist.",
    "BonusValueB" : "",
    "ComponentType" : "Upgrade",
    "ComponentSubType" : "NotSet",
    "PrefabIdentifier" : "",
    "BattleValue" : 0,
    "InventorySize" : 1,
    "Tonnage" : 0.5,
    "AllowedLocations" : "Head",
    "DisallowedLocations" : "All",
    "CriticalComponent" : false,
    "statusEffects" : [
        {
            "durationData" : {
                "duration" : -1,
                "ticksOnActivations" : false,
                "useActivationsOfTarget" : false,
                "ticksOnEndOfRound" : false,
                "ticksOnMovements" : false,
                "stackLimit" : -1,
                "clearedWhenAttacked" : false
            },
            "targetingData" : {
                "effectTriggerType" : "Passive",
                "triggerLimit" : 0,
                "extendDurationOnTrigger" : 0,
                "specialRules" : "NotSet",
                "effectTargetType" : "Creator",
                "range" : 0,
                "forcePathRebuild" : false,
                "forceVisRebuild" : false,
                "showInTargetPreview" : false,
                "showInStatusPanel" : true
            },
            "effectType" : "StatisticEffect",
            "Description" : {
                "Id" : "StatusEffect-Spotting_Gain-T2",
                "Name" : "SPOTTING DISTANCE INCREASED",
                "Details" : "Increases spotting distance by 50m.",
                "Icon" : "uixSvgIcon_equipment_Cockpit"
            },
            "nature" : "Buff",
            "statisticData" : {
                "appliesEachTick" : false,
                "effectsPersistAfterDestruction" : false,
                "statName" : "SpotterDistanceAbsolute",
                "operation" : "Float_Add",
                "modValue" : "50.0",
                "modType" : "System.Single",
                "additionalRules" : "NotSet",
                "targetCollection" : "NotSet",
                "targetWeaponCategory" : "NotSet",
                "targetWeaponType" : "NotSet",
                "targetAmmoCategory" : "NotSet",
                "targetWeaponSubType" : "NotSet"
            },
            "tagData" : null,
            "floatieData" : null,
            "actorBurningData" : null,
            "vfxData" : null,
            "instantModData" : null,
            "poorlyMaintainedEffectData" : null
        }
    ],
    "ComponentTags" : {
        "items" : [
        ],
        "tagSetSourceFile" : ""
    }
}
