{
    "StatName" : null,
    "RelativeModifier" : 0,
    "AbsoluteModifier" : 0,
    "Description" : {
        "Cost" : 1440000,
        "Rarity" : 10,
        "Purchasable" : true,
        "Manufacturer" : "Doering & Tacticon",
        "Model" : "B-2000 CC",
        "UIName" : "Battle Console",
        "Id" : "Gear_Cockpit_CommandConsole_with_B2000",
        "Name" : "Combo Command Console & Battle Computer",
        "Details" : "All 'Mechs come equipped with a stock cockpit configuration, which can be upgraded for improved performance. Command Consoles are components that can only be mounted on Heavy or Assault Class 'Mechs. The Console adds a complete set of controls for a second MechWarrior with added command and control facilities, allowing for better Lance coordination by upgrading initiative.\n\nStar League-vintage Command Consoles are very rare by 3025 because 'Mechs equipped in this way were favoured targets in battle. Most still existing have been relegated to training duties.\n\nRemoving the Command Console will damage it, and it will no longer be mountable in any 'Mech.",
        "Icon" : "uixSvgIcon_equipment_Cockpit"
    },
    "BonusValueA" : "+ 1 Lance Init., +2 Resolve,",
    "BonusValueB" : "+ 25m View, + 1 Injury",
    "ComponentType" : "Upgrade",
    "ComponentSubType" : "NotSet",
    "PrefabIdentifier" : "",
    "BattleValue" : 0,
    "InventorySize" : 2,
    "Tonnage" : 3,
    "AllowedLocations" : "Head",
    "DisallowedLocations" : "All",
    "CriticalComponent" : false,
    "statusEffects" : [
        {
            "durationData" : {
                "duration" : -1,
                "ticksOnActivations" : false,
                "useActivationsOfTarget" : false,
                "ticksOnEndOfRound" : false,
                "ticksOnMovements" : false,
                "stackLimit" : -1,
                "clearedWhenAttacked" : false
            },
            "targetingData" : {
                "effectTriggerType" : "Passive",
                "triggerLimit" : 0,
                "extendDurationOnTrigger" : 0,
                "specialRules" : "NotSet",
                "effectTargetType" : "Creator",
                "range" : 0,
                "forcePathRebuild" : false,
                "forceVisRebuild" : false,
                "showInTargetPreview" : true,
                "showInStatusPanel" : true
            },
            "effectType" : "StatisticEffect",
            "Description" : {
                "Id" : "StatusEffect-Pilot_HealthAdd-T2",
                "Name" : "MAX INJURIES INCREASED",
                "Details" : "Prevents Injuries against a MechWarrior.",
                "Icon" : "uixSvgIcon_equipment_Cockpit"
            },
            "nature" : "Buff",
            "statisticData" : {
                "appliesEachTick" : false,
                "effectsPersistAfterDestruction" : false,
                "statName" : "BonusHealth",
                "operation" : "Int_Add",
                "modValue" : "2",
                "modType" : "System.Int32",
                "additionalRules" : "NotSet",
                "targetCollection" : "Pilot",
                "targetWeaponCategory" : "NotSet",
                "targetWeaponType" : "NotSet",
                "targetAmmoCategory" : "NotSet",
                "targetWeaponSubType" : "NotSet"
            },
            "tagData" : null,
            "floatieData" : null,
            "actorBurningData" : null,
            "vfxData" : null,
            "instantModData" : null,
            "poorlyMaintainedEffectData" : null
        },
        {
            "durationData" : {
                "duration" : -1,
                "ticksOnActivations" : false,
                "useActivationsOfTarget" : false,
                "ticksOnEndOfRound" : false,
                "ticksOnMovements" : false,
                "stackLimit" : -1,
                "clearedWhenAttacked" : false
            },
            "targetingData" : {
                "effectTriggerType" : "Passive",
                "triggerLimit" : 0,
                "extendDurationOnTrigger" : 0,
                "specialRules" : "NotSet",
                "effectTargetType" : "Creator",
                "range" : 0,
                "forcePathRebuild" : false,
                "forceVisRebuild" : false,
                "showInTargetPreview" : true,
                "showInStatusPanel" : true
            },
            "effectType" : "StatisticEffect",
            "Description" : {
                "Id" : "StatusEffect-Morale_Gain-T2",
                "Name" : "MORALE GENERATION INCREASED",
                "Details" : "Provides a bonus to actions that generate Resolve.",
                "Icon" : "uixSvgIcon_equipment_Cockpit"
            },
            "nature" : "Buff",
            "statisticData" : {
                "appliesEachTick" : false,
                "effectsPersistAfterDestruction" : false,
                "statName" : "MoraleBonusGain",
                "operation" : "Int_Add",
                "modValue" : "2",
                "modType" : "System.Int32",
                "additionalRules" : "NotSet",
                "targetCollection" : "NotSet",
                "targetWeaponCategory" : "NotSet",
                "targetWeaponType" : "NotSet",
                "targetAmmoCategory" : "NotSet",
                "targetWeaponSubType" : "NotSet"
            },
            "tagData" : null,
            "floatieData" : null,
            "actorBurningData" : null,
            "vfxData" : null,
            "instantModData" : null,
            "poorlyMaintainedEffectData" : null
        },
        {
            "durationData" : {
                "duration" : -1,
                "ticksOnActivations" : false,
                "useActivationsOfTarget" : false,
                "ticksOnEndOfRound" : false,
                "ticksOnMovements" : false,
                "stackLimit" : -1,
                "clearedWhenAttacked" : false
            },
            "targetingData" : {
                "effectTriggerType" : "Passive",
                "triggerLimit" : 0,
                "extendDurationOnTrigger" : 0,
                "specialRules" : "NotSet",
                "effectTargetType" : "Creator",
                "range" : 0,
                "forcePathRebuild" : false,
                "forceVisRebuild" : false,
                "showInTargetPreview" : false,
                "showInStatusPanel" : true
            },
            "effectType" : "StatisticEffect",
            "Description" : {
                "Id" : "StatusEffect-Spotting_Gain-T1",
                "Name" : "SPOTTING DISTANCE INCREASED",
                "Details" : "Increases spotting distance by 25m.",
                "Icon" : "uixSvgIcon_equipment_Cockpit"
            },
            "nature" : "Buff",
            "statisticData" : {
                "appliesEachTick" : false,
                "effectsPersistAfterDestruction" : false,
                "statName" : "SpotterDistanceAbsolute",
                "operation" : "Float_Add",
                "modValue" : "25.0",
                "modType" : "System.Single",
                "additionalRules" : "NotSet",
                "targetCollection" : "NotSet",
                "targetWeaponCategory" : "NotSet",
                "targetWeaponType" : "NotSet",
                "targetAmmoCategory" : "NotSet",
                "targetWeaponSubType" : "NotSet"
            },
            "tagData" : null,
            "floatieData" : null,
            "actorBurningData" : null,
            "vfxData" : null,
            "instantModData" : null,
            "poorlyMaintainedEffectData" : null
        },
        {
            "durationData" : {
                "duration" : -1,
                "ticksOnActivations" : false,
                "useActivationsOfTarget" : false,
                "ticksOnEndOfRound" : false,
                "ticksOnMovements" : false,
                "stackLimit" : 1,
                "clearedWhenAttacked" : false
            },
            "targetingData" : {
                "effectTriggerType" : "Passive",
                "triggerLimit" : 0,
                "extendDurationOnTrigger" : 0,
                "specialRules" : "NotSet",
                "effectTargetType" : "AllLanceMates",
                "range" : 0,
                "forcePathRebuild" : false,
                "forceVisRebuild" : false,
                "showInTargetPreview" : false,
                "showInStatusPanel" : true
            },
            "effectType" : "StatisticEffect",
            "Description" : {
                "Id" : "StatusEffect-Initiative_Gain-B2000",
                "Name" : "LANCE INITIATIVE INCREASED",
                "Details" : "Provides a [INVERSE_AMT] bonus to Lance Initiative.",
                "Icon" : "uixSvgIcon_equipment_Cockpit"
            },
            "nature" : "Buff",
            "statisticData" : {
                "appliesEachTick" : false,
                "effectsPersistAfterDestruction" : false,
                "statName" : "BaseInitiative",
                "operation" : "Int_Add",
                "modValue" : "-1",
                "modType" : "System.Int32",
                "additionalRules" : "NotSet",
                "targetCollection" : "NotSet",
                "targetWeaponCategory" : "NotSet",
                "targetWeaponType" : "NotSet",
                "targetAmmoCategory" : "NotSet",
                "targetWeaponSubType" : "NotSet"
            },
            "tagData" : null,
            "floatieData" : null,
            "actorBurningData" : null,
            "vfxData" : null,
            "instantModData" : null,
            "poorlyMaintainedEffectData" : null
        }
    ],
    "ComponentTags" : {
        "items" : [
            "component_type_stock"
        ],
        "tagSetSourceFile" : ""
    }
}
