{
    "Name": "JK_Variants2SLDFItemsInShops",
    "Enabled": true,
    
    "DependsOn": ["SLDFItemsInShops", "JK_VariantsCampaign", "JK_VariantsDLC", "JK_VariantsStarLeague"],

    "Version": "0.1.0",
    "Description": "Adds JK_VariantsCampaign, JK_VariantsDLC and JK_VariantsStarLeague items to SLDFItemsInShops",
    "Author": "tharbad08",
    "Website": "https://github.com/shaygover/BT_JK_Variants2SLDFItemsInShops",
    "Contact": "Use github Issues",

    "Manifest": [
        { "Type": "ItemCollectionDef", "Path": "items", "ShouldAppendText": true },
        { "Type": "UpgradeDef", "Path": "upgrades", "ShouldMergeJSON": true }
    ]
} 
