{
    "DissipationCapacity" : 30,
    "Description" : {
        "Cost" : 1000,
        "Rarity" : 100,
        "Purchasable" : false,
        "Manufacturer" : "Generic",
        "Model" : "Double Heat Sinks",
        "UIName" : "Engine HS (D)",
        "Id" : "Gear_HeatSink_Engine_Double",
        "Name" : "Engine Heat Sinks (D)",
        "Details" : "This item converts a fusion engine to use Double Heat sinks that provide twice the efficiency of standard Heat Sinks, though with increased bulkiness. Like standard Heat Sinks, their effectiveness can be impacted by the surrounding environment, positively or negatively.",
        "Icon" : "uixSvgIcon_equipment_Heatsink"
    },
    "BonusValueA" : "- 30 Heat / Turn",
    "BonusValueB" : "",
    "ComponentType" : "HeatSink",
    "ComponentSubType" : "Heatsink",
    "PrefabIdentifier" : "",
    "BattleValue" : 0,
    "InventorySize" : 1,
    "Tonnage" : 0,
    "AllowedLocations" : "CenterTorso",
    "DisallowedLocations" : "All",
    "CriticalComponent" : false,
    "statusEffects" : null,
    "ComponentTags" : {
        "items" : [
            "component_type_stock",
            "component_type_lostech",
			"BLACKLISTED"
        ],
        "tagSetSourceFile" : ""
    }
}
